[
    {
        "code": "AG",
        "name": "dialetti agrigentini",
        "data": [
            {
                "code": "AG I",
                "name": "dialetti agrigentini orientali",
                "data": [
                    {
                        "code": "AG 1",
                        "name": "Canicattì",
                        "data": {}
                    },
                    {
                        "code": "AG 2",
                        "name": "Castrofilippo",
                        "data": {}
                    },
                    {
                        "code": "AG 3",
                        "name": "Naro",
                        "data": {}
                    },
                    {
                        "code": "AG 4",
                        "name": "Ravanusa",
                        "data": {}
                    },
                    {
                        "code": "AG 5",
                        "name": "Campobello di Licata",
                        "data": {}
                    },
                    {
                        "code": "AG 6",
                        "name": "Camastra",
                        "data": {}
                    },
                    {
                        "code": "AG 7",
                        "name": "Palma di Montechiaro",
                        "data": {}
                    },
                    {
                        "code": "AG 8",
                        "name": "Licata",
                        "data": {}
                    }
                ]
            },
            {
                "code": "AG II",
                "name": "dialetti agrigentini centrali",
                "data": [
                    {
                        "code": "AG 9",
                        "name": "Cammarata",
                        "data": {}
                    },
                    {
                        "code": "AG 10",
                        "name": "San Giovanni Gemini",
                        "data": {}
                    },
                    {
                        "code": "AG 11",
                        "name": "Santo Stefano Quisquina",
                        "data": {}
                    },
                    {
                        "code": "AG 12",
                        "name": "Bivona",
                        "data": {}
                    },
                    {
                        "code": "AG 13",
                        "name": "Alessandria della Rocca",
                        "data": {}
                    },
                    {
                        "code": "AG 14",
                        "name": "Cianciana",
                        "data": {}
                    },
                    {
                        "code": "AG 15",
                        "name": "Casteltermini",
                        "data": {}
                    },
                    {
                        "code": "AG 16",
                        "name": "San Biagio Platani",
                        "data": {}
                    },
                    {
                        "code": "AG 17",
                        "name": "Sant'Angelo Muxaro",
                        "data": {}
                    },
                    {
                        "code": "AG 18",
                        "name": "Racalmuto",
                        "data": {}
                    },
                    {
                        "code": "AG 19",
                        "name": "Grotte",
                        "data": {}
                    },
                    {
                        "code": "AG 20",
                        "name": "Comitini",
                        "data": {}
                    },
                    {
                        "code": "AG 21",
                        "name": "Favara",
                        "data": {}
                    },
                    {
                        "code": "AG 22",
                        "name": "Agrigento",
                        "data": [
                            {
                                "code": "AG 22a",
                                "name": "Giardina Gallotti",
                                "data": {}
                            }
                        ]
                    },
                    {
                        "code": "AG 23",
                        "name": "Porto Empedocle",
                        "data": {}
                    },
                    {
                        "code": "AG 24",
                        "name": "Aragona",
                        "data": {}
                    },
                    {
                        "code": "AG 24A",
                        "name": "Santa Elisabetta",
                        "data": {}
                    },
                    {
                        "code": "AG 25",
                        "name": "Joppolo Giancaxio",
                        "data": {}
                    },
                    {
                        "code": "AG 26",
                        "name": "Raffadali",
                        "data": {}
                    },
                    {
                        "code": "AG 27",
                        "name": "Realmonte",
                        "data": {}
                    },
                    {
                        "code": "AG 28",
                        "name": "Siculiana",
                        "data": {}
                    },
                    {
                        "code": "AG 29",
                        "name": "Montallegro",
                        "data": {}
                    },
                    {
                        "code": "AG 30",
                        "name": "Cattolica Eraclea",
                        "data": {}
                    }
                ]
            },
            {
                "code": "AG III",
                "name": "dialetti agrigentini occidentali",
                "data": [
                    {
                        "code": "AG 31",
                        "name": "Burgio",
                        "data": {}
                    },
                    {
                        "code": "AG 32",
                        "name": "Villafranca Sicula",
                        "data": {}
                    },
                    {
                        "code": "AG 33",
                        "name": "Lucca Sicula",
                        "data": {}
                    },
                    {
                        "code": "AG 34",
                        "name": "Calamonaci",
                        "data": {}
                    },
                    {
                        "code": "AG 35",
                        "name": "Ribera",
                        "data": {}
                    },
                    {
                        "code": "AG 36",
                        "name": "Caltabellotta",
                        "data": {}
                    },
                    {
                        "code": "AG 37",
                        "name": "Sambuca di Sicilia",
                        "data": {}
                    },
                    {
                        "code": "AG 38",
                        "name": "Sciacca",
                        "data": {}
                    },
                    {
                        "code": "AG 39",
                        "name": "Santa Margherita di Belice",
                        "data": {}
                    },
                    {
                        "code": "AG 40",
                        "name": "Montevago",
                        "data": {}
                    },
                    {
                        "code": "AG 41",
                        "name": "Menfi",
                        "data": {}
                    },
                    {
                        "code": "AG 42",
                        "name": "Lampedusa e Linosa",
                        "data": [
                            {
                                "code": "AG 42",
                                "name": "Lampedusa",
                                "data": {}
                            },
                            {
                                "code": "AG 42a",
                                "name": "Linosa",
                                "data": {}
                            }
                        ]
                    }
                ]
            }
        ]
    },
    {
        "code": "CL",
        "name": "dialetti nisseni",
        "data": [
            {
                "code": "CL I",
                "name": "dialetti nisseni nordorientali",
                "data": [
                    {
                        "code": "CL 1",
                        "name": "Resuttano",
                        "data": {}
                    },
                    {
                        "code": "CL 2",
                        "name": "Vallelunga Pratameno",
                        "data": {}
                    },
                    {
                        "code": "CL 3",
                        "name": "Villalba",
                        "data": {}
                    },
                    {
                        "code": "CL 4",
                        "name": "Marianopoli",
                        "data": {}
                    },
                    {
                        "code": "CL 5",
                        "name": "Santa Caterina Villarmosa",
                        "data": {}
                    },
                    {
                        "code": "CL 6",
                        "name": "Caltanissetta",
                        "data": [
                            {
                                "code": "CL 6a",
                                "name": "Favarella",
                                "data": {}
                            },
                            {
                                "code": "CL 6b",
                                "name": "Prestianni",
                                "data": {}
                            }
                        ]
                    },
                    {
                        "code": "CL 7",
                        "name": "San Cataldo",
                        "data": {}
                    }
                ]
            },
            {
                "code": "CL II",
                "name": "dialetti nisseni sudoccidentali",
                "data": [
                    {
                        "code": "CL 8",
                        "name": "Mussomeli",
                        "data": {}
                    },
                    {
                        "code": "CL 9",
                        "name": "Acquaviva Platani",
                        "data": {}
                    },
                    {
                        "code": "CL 10",
                        "name": "Sutera",
                        "data": {}
                    },
                    {
                        "code": "CL 11",
                        "name": "Campofranco",
                        "data": {}
                    },
                    {
                        "code": "CL 12",
                        "name": "Bompensiere",
                        "data": {}
                    },
                    {
                        "code": "CL 13",
                        "name": "Milena",
                        "data": {}
                    },
                    {
                        "code": "CL 14",
                        "name": "Montedoro",
                        "data": {}
                    },
                    {
                        "code": "CL 15",
                        "name": "Serradifalco",
                        "data": {}
                    },
                    {
                        "code": "CL 16",
                        "name": "Delia",
                        "data": {}
                    },
                    {
                        "code": "CL 17",
                        "name": "Sommatino",
                        "data": {}
                    },
                    {
                        "code": "CL 18",
                        "name": "Riesi",
                        "data": {}
                    }
                ]
            },
            {
                "code": "CL III",
                "name": "dialetti nisseni meridionali",
                "data": [
                    {
                        "code": "CL 19",
                        "name": "Mazzarino",
                        "data": {}
                    },
                    {
                        "code": "CL 20",
                        "name": "Butera",
                        "data": {}
                    },
                    {
                        "code": "CL 21",
                        "name": "Niscemi",
                        "data": {}
                    },
                    {
                        "code": "CL 22",
                        "name": "Gela",
                        "data": {}
                    }
                ]
            }
        ]
    },
    {
        "code": "CT",
        "name": "dialetti catanesi",
        "data": [
            {
                "code": "CT I",
                "name": "dialetti catanesi nordoccidentali",
                "data": [
                    {
                        "code": "CT 1",
                        "name": "Calatabiano",
                        "data": {}
                    },
                    {
                        "code": "CT 2",
                        "name": "Piedimonte Etneo",
                        "data": [
                            {
                                "code": "CT 2a",
                                "name": "Presa",
                                "data": {}
                            }
                        ]
                    },
                    {
                        "code": "CT 3",
                        "name": "Linguaglossa",
                        "data": {}
                    },
                    {
                        "code": "CT 4",
                        "name": "Castiglione di Sicilia",
                        "data": [
                            {
                                "code": "CT 4a",
                                "name": "Passopisciaro",
                                "data": {}
                            },
                            {
                                "code": "CT 4b",
                                "name": "Solicchiata",
                                "data": {}
                            }
                        ]
                    },
                    {
                        "code": "CT 5",
                        "name": "Randazzo",
                        "data": {}
                    },
                    {
                        "code": "CT 6",
                        "name": "Maletto",
                        "data": {}
                    },
                    {
                        "code": "CT 7",
                        "name": "Bronte, Maniace",
                        "data": [
                            {
                                "code": "CT 7",
                                "name": "Bronte",
                                "data": {}
                            },
                            {
                                "code": "CT ?",
                                "name": "Maniace",
                                "data": {}
                            }
                        ]
                    },
                    {
                        "code": "CT 8",
                        "name": "Adrano",
                        "data": {}
                    },
                    {
                        "code": "CT 9",
                        "name": "Biancavilla",
                        "data": {}
                    }
                ]
            },
            {
                "code": "CT II",
                "name": "dialetti catanesi sudorientali",
                "data": [
                    {
                        "code": "CT 10",
                        "name": "Fiumefreddo di Sicilia",
                        "data": {}
                    },
                    {
                        "code": "CT 11",
                        "name": "Mascali",
                        "data": [
                            {
                                "code": "CT 11a",
                                "name": "Santa Venera",
                                "data": {}
                            },
                            {
                                "code": "CT 11b",
                                "name": "Puntalazzo",
                                "data": {}
                            }
                        ]
                    },
                    {
                        "code": "CT 12",
                        "name": "Sant'Alfio",
                        "data": {}
                    },
                    {
                        "code": "CT 13",
                        "name": "Riposto",
                        "data": [
                            {
                                "code": "CT 13a",
                                "name": "Carruba",
                                "data": {}
                            },
                            {
                                "code": "CT 13b",
                                "name": "Torre Archirafi",
                                "data": {}
                            }
                        ]
                    },
                    {
                        "code": "CT 14",
                        "name": "Giarre",
                        "data": [
                            {
                                "code": "CT 14a",
                                "name": "Macchia",
                                "data": {}
                            },
                            {
                                "code": "CT 14b",
                                "name": "San Giovanni Montebello",
                                "data": {}
                            }
                        ]
                    },
                    {
                        "code": "CT 15",
                        "name": "Milo",
                        "data": {}
                    },
                    {
                        "code": "CT 16",
                        "name": "Zafferana Etnea",
                        "data": [
                            {
                                "code": "CT 16a",
                                "name": "Fleri",
                                "data": {}
                            }
                        ]
                    },
                    {
                        "code": "CT 17",
                        "name": "Santa Venerina",
                        "data": [
                            {
                                "code": "CT 17a",
                                "name": "Dagala del Re",
                                "data": {}
                            }
                        ]
                    },
                    {
                        "code": "CT 18",
                        "name": "Acireale",
                        "data": [
                            {
                                "code": "CT 18a",
                                "name": "Mangano",
                                "data": {}
                            },
                            {
                                "code": "CT 18b",
                                "name": "Stazzo",
                                "data": {}
                            },
                            {
                                "code": "CT 18c",
                                "name": "Piano d'Api",
                                "data": {}
                            },
                            {
                                "code": "CT 18d",
                                "name": "Santa Maria la Scala",
                                "data": {}
                            },
                            {
                                "code": "CT 18e",
                                "name": "Capo Mulini",
                                "data": {}
                            }
                        ]
                    },
                    {
                        "code": "CT 19",
                        "name": "Aci Catena",
                        "data": {}
                    },
                    {
                        "code": "CT 20",
                        "name": "Aci Sant'Antonio",
                        "data": {}
                    },
                    {
                        "code": "CT 21",
                        "name": "Aci Bonaccorsi",
                        "data": {}
                    },
                    {
                        "code": "CT 22",
                        "name": "Viagrande",
                        "data": {}
                    },
                    {
                        "code": "CT 23",
                        "name": "Trecastagni",
                        "data": {}
                    },
                    {
                        "code": "CT 24",
                        "name": "Pedara",
                        "data": {}
                    },
                    {
                        "code": "CT 25",
                        "name": "Nicolosi",
                        "data": {}
                    },
                    {
                        "code": "CT 26",
                        "name": "Aci Castello",
                        "data": [
                            {
                                "code": "CT 26a",
                                "name": "Aci Trezza",
                                "data": {}
                            }
                        ]
                    },
                    {
                        "code": "CT 27",
                        "name": "Valverde",
                        "data": {}
                    },
                    {
                        "code": "CT 28",
                        "name": "San Gregorio di Catania",
                        "data": {}
                    },
                    {
                        "code": "CT 29",
                        "name": "San Giovanni la Punta",
                        "data": {}
                    },
                    {
                        "code": "CT 30",
                        "name": "Sant'Agata li Battiati",
                        "data": {}
                    },
                    {
                        "code": "CT 31",
                        "name": "Tremestieri Etneo",
                        "data": {}
                    },
                    {
                        "code": "CT 32",
                        "name": "Gravina di Catania",
                        "data": {}
                    },
                    {
                        "code": "CT 33",
                        "name": "Mascalucia",
                        "data": {}
                    },
                    {
                        "code": "CT 34",
                        "name": "San Pietro Clarenza",
                        "data": {}
                    },
                    {
                        "code": "CT 35",
                        "name": "Camporotondo Etneo",
                        "data": {}
                    },
                    {
                        "code": "CT 36",
                        "name": "Belpasso",
                        "data": {}
                    },
                    {
                        "code": "CT 37",
                        "name": "Santa Maria di Licodia",
                        "data": {}
                    },
                    {
                        "code": "CT 38",
                        "name": "Paternò",
                        "data": [
                            {
                                "code": "CT 38b",
                                "name": "Sferro",
                                "data": {}
                            }
                        ]
                    },
                    {
                        "code": "CT 38a",
                        "name": "Ragalna",
                        "data": {}
                    },
                    {
                        "code": "CT 39",
                        "name": "Motta Sant'Anastasia",
                        "data": {}
                    },
                    {
                        "code": "CT 40",
                        "name": "Misterbianco",
                        "data": {}
                    },
                    {
                        "code": "CT 41",
                        "name": "Catania",
                        "data": {}
                    }
                ]
            },
            {
                "code": "CT III",
                "name": "dialetti catanesi occidentali",
                "data": [
                    {
                        "code": "CT 42",
                        "name": "Castel di Iudica",
                        "data": [
                            {
                                "code": "CT 42a",
                                "name": "Giumarra",
                                "data": {}
                            }
                        ]
                    },
                    {
                        "code": "CT 43",
                        "name": "Raddusa",
                        "data": {}
                    },
                    {
                        "code": "CT 44",
                        "name": "Ramacca",
                        "data": {}
                    },
                    {
                        "code": "CT 45",
                        "name": "Mirabella Imbaccari",
                        "data": {}
                    },
                    {
                        "code": "CT 46",
                        "name": "San Cono",
                        "data": {}
                    },
                    {
                        "code": "CT 47",
                        "name": "San Michele di Ganzaria",
                        "data": {}
                    },
                    {
                        "code": "CT 48",
                        "name": "Caltagirone",
                        "data": {}
                    },
                    {
                        "code": "CT 48A",
                        "name": "Mazzarrone",
                        "data": {}
                    }
                ]
            },
            {
                "code": "CT IV",
                "name": "dialetti catanesi meridionali",
                "data": [
                    {
                        "code": "CT 49",
                        "name": "Palagonia",
                        "data": {}
                    },
                    {
                        "code": "CT 50",
                        "name": "Scordia",
                        "data": {}
                    },
                    {
                        "code": "CT 51",
                        "name": "Militello in Val di Catania",
                        "data": {}
                    },
                    {
                        "code": "CT 52",
                        "name": "Mineo",
                        "data": {}
                    },
                    {
                        "code": "CT 53",
                        "name": "Grammichele",
                        "data": {}
                    },
                    {
                        "code": "CT 54",
                        "name": "Vizzini",
                        "data": {}
                    },
                    {
                        "code": "CT 55",
                        "name": "Licodia Eubea",
                        "data": {}
                    }
                ]
            }
        ]
    },
    {
        "code": "EN",
        "name": "dialetti ennesi",
        "data": [
            {
                "code": "EN I",
                "name": "dialetti ennesi settentrionali",
                "data": [
                    {
                        "code": "EN 1",
                        "name": "Cerami",
                        "data": {}
                    },
                    {
                        "code": "EN 2",
                        "name": "Troina",
                        "data": {}
                    },
                    {
                        "code": "EN 3",
                        "name": "Sperlinga",
                        "data": {}
                    },
                    {
                        "code": "EN 4",
                        "name": "Nicosia",
                        "data": [
                            {
                                "code": "EN 4a",
                                "name": "Villadoro",
                                "data": {}
                            }
                        ]
                    },
                    {
                        "code": "EN 5",
                        "name": "Gagliano Castelferrato",
                        "data": {}
                    },
                    {
                        "code": "EN 6",
                        "name": "Centuripe",
                        "data": {}
                    },
                    {
                        "code": "EN 7",
                        "name": "Catenanuova",
                        "data": {}
                    },
                    {
                        "code": "EN 8",
                        "name": "Regalbuto",
                        "data": {}
                    },
                    {
                        "code": "EN 9",
                        "name": "Agira",
                        "data": {}
                    },
                    {
                        "code": "EN 10",
                        "name": "Nissoria",
                        "data": {}
                    },
                    {
                        "code": "EN 11",
                        "name": "Assoro",
                        "data": [
                            {
                                "code": "EN 11a",
                                "name": "San Giorgio",
                                "data": {}
                            }
                        ]
                    },
                    {
                        "code": "EN 12",
                        "name": "Leonforte",
                        "data": {}
                    }
                ]
            },
            {
                "code": "EN II",
                "name": "dialetti ennesi meridionali",
                "data": [
                    {
                        "code": "EN 13",
                        "name": "Villarosa",
                        "data": [
                            {
                                "code": "EN 13a",
                                "name": "Villapriolo",
                                "data": {}
                            }
                        ]
                    },
                    {
                        "code": "EN 14",
                        "name": "Calascibetta",
                        "data": {}
                    },
                    {
                        "code": "EN 15",
                        "name": "Enna",
                        "data": {}
                    },
                    {
                        "code": "EN 16",
                        "name": "Valguarnera Caropepe",
                        "data": {}
                    },
                    {
                        "code": "EN 17",
                        "name": "Aidone",
                        "data": {}
                    },
                    {
                        "code": "EN 18",
                        "name": "Piazza Armerina",
                        "data": [
                            {
                                "code": "EN 18a",
                                "name": "Grottacalda",
                                "data": {}
                            }
                        ]
                    },
                    {
                        "code": "EN 19",
                        "name": "Barrafranca",
                        "data": {}
                    },
                    {
                        "code": "EN 20",
                        "name": "Pietraperzia",
                        "data": {}
                    }
                ]
            }
        ]
    },
    {
        "code": "ME",
        "name": "dialetti messinesi",
        "data": [
            {
                "code": "ME I",
                "name": "dialetti messinesi orientali: versante ionico",
                "data": [
                    {
                        "code": "ME 1",
                        "name": "Messina",
                        "data": [
                            {
                                "code": "ME 1a",
                                "name": "Spartà",
                                "data": {}
                            },
                            {
                                "code": "ME 1b",
                                "name": "Massa San Giorgio",
                                "data": {}
                            },
                            {
                                "code": "ME 1c",
                                "name": "Massa San Nicola",
                                "data": {}
                            },
                            {
                                "code": "ME 1d",
                                "name": "Faro Superiore",
                                "data": {}
                            },
                            {
                                "code": "ME 1e",
                                "name": "Ganzirri",
                                "data": {}
                            },
                            {
                                "code": "ME 1f",
                                "name": "Paradiso",
                                "data": {}
                            },
                            {
                                "code": "ME 1g",
                                "name": "Castanea delle Furie",
                                "data": {}
                            },
                            {
                                "code": "ME 1h",
                                "name": "Salice",
                                "data": {}
                            },
                            {
                                "code": "ME 1i",
                                "name": "Gesso",
                                "data": {}
                            },
                            {
                                "code": "ME 1l",
                                "name": "Santissima Annunziata",
                                "data": {}
                            },
                            {
                                "code": "ME 1m",
                                "name": "Massa Santa Lucia",
                                "data": {}
                            },
                            {
                                "code": "ME 1n",
                                "name": "Larderia",
                                "data": {}
                            },
                            {
                                "code": "ME 1o",
                                "name": "Tremestieri",
                                "data": {}
                            },
                            {
                                "code": "ME 1p",
                                "name": "Mili San Pietro",
                                "data": {}
                            },
                            {
                                "code": "ME 1q",
                                "name": "Mili Marina",
                                "data": {}
                            },
                            {
                                "code": "ME 1r",
                                "name": "Galati Superiore, Galati Inferiore",
                                "data": {}
                            },
                            {
                                "code": "ME 1s",
                                "name": "Galati Marina",
                                "data": {}
                            },
                            {
                                "code": "ME 1t",
                                "name": "Santo Stefano di Briga",
                                "data": {}
                            },
                            {
                                "code": "ME 1v",
                                "name": "Molino",
                                "data": {}
                            },
                            {
                                "code": "ME 1z",
                                "name": "Briga Marina",
                                "data": {}
                            }
                        ]
                    },
                    {
                        "code": "ME 2",
                        "name": "Scaletta Zanclea",
                        "data": {}
                    },
                    {
                        "code": "ME 3",
                        "name": "Itala",
                        "data": {}
                    },
                    {
                        "code": "ME 4",
                        "name": "Alì",
                        "data": {}
                    },
                    {
                        "code": "ME 5",
                        "name": "Alì Terme",
                        "data": {}
                    },
                    {
                        "code": "ME 6",
                        "name": "Fiumedinisi",
                        "data": {}
                    },
                    {
                        "code": "ME 7",
                        "name": "Mandanici",
                        "data": {}
                    },
                    {
                        "code": "ME 8",
                        "name": "Pagliara",
                        "data": {}
                    },
                    {
                        "code": "ME 9",
                        "name": "Nizza di Sicilia",
                        "data": {}
                    },
                    {
                        "code": "ME 10",
                        "name": "Roccalumera",
                        "data": {}
                    },
                    {
                        "code": "ME 11",
                        "name": "Furci Siculo",
                        "data": {}
                    },
                    {
                        "code": "ME 12",
                        "name": "Antillo",
                        "data": {}
                    },
                    {
                        "code": "ME 13",
                        "name": "Casalvecchio Siculo",
                        "data": {}
                    },
                    {
                        "code": "ME 14",
                        "name": "Savoca",
                        "data": {}
                    },
                    {
                        "code": "ME 15",
                        "name": "Santa Teresa di Riva",
                        "data": [
                            {
                                "code": "ME 15a",
                                "name": "Misserio",
                                "data": {}
                            }
                        ]
                    },
                    {
                        "code": "ME 16",
                        "name": "Limina",
                        "data": {}
                    },
                    {
                        "code": "ME 17",
                        "name": "Roccafiorita",
                        "data": {}
                    },
                    {
                        "code": "ME 18",
                        "name": "Sant'Alessio Siculo",
                        "data": {}
                    },
                    {
                        "code": "ME 19",
                        "name": "Forza d'Agrò",
                        "data": {}
                    },
                    {
                        "code": "ME 20",
                        "name": "Mongiuffi Melia",
                        "data": {}
                    },
                    {
                        "code": "ME 21",
                        "name": "Gallodoro",
                        "data": {}
                    },
                    {
                        "code": "ME 22",
                        "name": "Letojanni",
                        "data": {}
                    },
                    {
                        "code": "ME 23",
                        "name": "Taormina",
                        "data": {}
                    },
                    {
                        "code": "ME 24",
                        "name": "Giardini-Naxos",
                        "data": {}
                    },
                    {
                        "code": "ME 25",
                        "name": "Castelmola",
                        "data": {}
                    },
                    {
                        "code": "ME 26",
                        "name": "Gaggi",
                        "data": {}
                    },
                    {
                        "code": "ME 27",
                        "name": "Graniti",
                        "data": {}
                    },
                    {
                        "code": "ME 28",
                        "name": "Motta Camastra",
                        "data": {}
                    },
                    {
                        "code": "ME 29",
                        "name": "Francavilla di Sicilia",
                        "data": {}
                    },
                    {
                        "code": "ME 30",
                        "name": "Moio Alcantara",
                        "data": {}
                    },
                    {
                        "code": "ME 31",
                        "name": "Malvagna",
                        "data": {}
                    },
                    {
                        "code": "ME 32",
                        "name": "Roccella Valdemone",
                        "data": {}
                    },
                    {
                        "code": "ME 33",
                        "name": "Santa Domenica Vittoria",
                        "data": {}
                    }
                ]
            },
            {
                "code": "ME II",
                "name": "dialetti messinesi orientali: versante tirrenico",
                "data": [
                    {
                        "code": "ME 34",
                        "name": "Lipari",
                        "data": [
                            {
                                "code": "ME 34a",
                                "name": "Stromboli",
                                "data": {}
                            },
                            {
                                "code": "ME 34b",
                                "name": "Panarea",
                                "data": {}
                            },
                            {
                                "code": "ME 34c",
                                "name": "Vulcano",
                                "data": {}
                            },
                            {
                                "code": "ME 34d",
                                "name": "Filicudi",
                                "data": {}
                            },
                            {
                                "code": "ME 34e",
                                "name": "Alicudi",
                                "data": {}
                            }
                        ]
                    },
                    {
                        "code": "ME 35",
                        "name": "Malfa",
                        "data": {}
                    },
                    {
                        "code": "ME 36",
                        "name": "Santa Marina Salina",
                        "data": {}
                    },
                    {
                        "code": "ME 37",
                        "name": "Leni",
                        "data": [
                            {
                                "code": "ME 37a",
                                "name": "Rinella",
                                "data": {}
                            }
                        ]
                    },
                    {
                        "code": "ME 38",
                        "name": "Villafranca Tirrena",
                        "data": [
                            {
                                "code": "ME 38a",
                                "name": "Serro",
                                "data": {}
                            }
                        ]
                    },
                    {
                        "code": "ME 38A",
                        "name": "Saponara",
                        "data": {}
                    },
                    {
                        "code": "ME 39",
                        "name": "Spadafora",
                        "data": {}
                    },
                    {
                        "code": "ME 40",
                        "name": "Venetico",
                        "data": {}
                    },
                    {
                        "code": "ME 41",
                        "name": "Valdina",
                        "data": {}
                    },
                    {
                        "code": "ME 42",
                        "name": "Roccavaldina",
                        "data": {}
                    },
                    {
                        "code": "ME 43",
                        "name": "Rometta",
                        "data": {}
                    },
                    {
                        "code": "ME 44",
                        "name": "Monforte San Giorgio",
                        "data": {}
                    },
                    {
                        "code": "ME 45",
                        "name": "Torregrotta",
                        "data": {}
                    },
                    {
                        "code": "ME 46",
                        "name": "San Pier Niceto",
                        "data": {}
                    },
                    {
                        "code": "ME 47",
                        "name": "Condrò",
                        "data": {}
                    },
                    {
                        "code": "ME 48",
                        "name": "Pace del Mela",
                        "data": {}
                    },
                    {
                        "code": "ME 49",
                        "name": "Gualtieri Sicaminò",
                        "data": {}
                    },
                    {
                        "code": "ME 50",
                        "name": "Santa Lucia del Mela",
                        "data": {}
                    },
                    {
                        "code": "ME 51",
                        "name": "San Filippo del Mela",
                        "data": {}
                    },
                    {
                        "code": "ME 52",
                        "name": "Milazzo",
                        "data": [
                            {
                                "code": "ME 52a",
                                "name": "Spadafora San Pietro",
                                "data": {}
                            },
                            {
                                "code": "ME 52b",
                                "name": "San Marco di Milazzo",
                                "data": {}
                            }
                        ]
                    },
                    {
                        "code": "ME 53",
                        "name": "Merì",
                        "data": {}
                    },
                    {
                        "code": "ME 54",
                        "name": "Barcellona Pozzo di Gotto",
                        "data": [
                            {
                                "code": "ME 54a",
                                "name": "Gala",
                                "data": {}
                            }
                        ]
                    },
                    {
                        "code": "ME 55",
                        "name": "Rodì Milici",
                        "data": {}
                    },
                    {
                        "code": "ME 56",
                        "name": "Castroreale",
                        "data": {}
                    },
                    {
                        "code": "ME 56A",
                        "name": "Terme Vigliatore",
                        "data": {}
                    }
                ]
            },
            {
                "code": "ME III",
                "name": "dialetti messinesi centrali",
                "data": [
                    {
                        "code": "ME 57",
                        "name": "Fondachelli-Fantina",
                        "data": {}
                    },
                    {
                        "code": "ME 58",
                        "name": "Novara di Sicilia",
                        "data": {}
                    },
                    {
                        "code": "ME 59",
                        "name": "Furnari",
                        "data": {}
                    },
                    {
                        "code": "ME 60",
                        "name": "Mazzarrà Sant'Andrea",
                        "data": {}
                    },
                    {
                        "code": "ME 61",
                        "name": "Tripi",
                        "data": {}
                    },
                    {
                        "code": "ME 62",
                        "name": "Falcone",
                        "data": {}
                    },
                    {
                        "code": "ME 63",
                        "name": "Oliveri",
                        "data": {}
                    },
                    {
                        "code": "ME 64",
                        "name": "Basicò",
                        "data": {}
                    },
                    {
                        "code": "ME 65",
                        "name": "Montalbano Elicona",
                        "data": {}
                    },
                    {
                        "code": "ME 66",
                        "name": "Patti",
                        "data": [
                            {
                                "code": "ME 66a",
                                "name": "Tindari",
                                "data": {}
                            }
                        ]
                    },
                    {
                        "code": "ME 67",
                        "name": "Librizzi",
                        "data": {}
                    },
                    {
                        "code": "ME 68",
                        "name": "San Piero Patti",
                        "data": {}
                    },
                    {
                        "code": "ME 69",
                        "name": "Montagnareale",
                        "data": {}
                    },
                    {
                        "code": "ME 70",
                        "name": "Gioiosa Marea",
                        "data": {}
                    },
                    {
                        "code": "ME 71",
                        "name": "Piraino",
                        "data": [
                            {
                                "code": "ME 71a",
                                "name": "Gliaca",
                                "data": {}
                            }
                        ]
                    },
                    {
                        "code": "ME 72",
                        "name": "Sant'Angelo di Brolo",
                        "data": {}
                    },
                    {
                        "code": "ME 73",
                        "name": "Raccuja",
                        "data": {}
                    },
                    {
                        "code": "ME 74",
                        "name": "Brolo",
                        "data": {}
                    },
                    {
                        "code": "ME 75",
                        "name": "Ficarra",
                        "data": {}
                    },
                    {
                        "code": "ME 76",
                        "name": "Sinagra",
                        "data": {}
                    },
                    {
                        "code": "ME 77",
                        "name": "Ucria",
                        "data": {}
                    },
                    {
                        "code": "ME 78",
                        "name": "Floresta",
                        "data": {}
                    },
                    {
                        "code": "ME 79",
                        "name": "Tortorici",
                        "data": {}
                    },
                    {
                        "code": "ME 80",
                        "name": "Castell'Umberto",
                        "data": {}
                    },
                    {
                        "code": "ME 81",
                        "name": "Naso",
                        "data": {}
                    },
                    {
                        "code": "ME 82",
                        "name": "Capo d'Orlando",
                        "data": {}
                    },
                    {
                        "code": "ME 83",
                        "name": "Capri Leone",
                        "data": {}
                    },
                    {
                        "code": "ME 84",
                        "name": "Mirto",
                        "data": {}
                    },
                    {
                        "code": "ME 85",
                        "name": "Frazzanò",
                        "data": {}
                    },
                    {
                        "code": "ME 86",
                        "name": "San Salvatore di Fitalia",
                        "data": {}
                    },
                    {
                        "code": "ME 87",
                        "name": "Galati Mamertino",
                        "data": {}
                    },
                    {
                        "code": "ME 88",
                        "name": "Longi",
                        "data": {}
                    },
                    {
                        "code": "ME 89",
                        "name": "San Marco d'Alunzio",
                        "data": {}
                    },
                    {
                        "code": "ME 89A",
                        "name": "Torrenova",
                        "data": {}
                    },
                    {
                        "code": "ME 90",
                        "name": "Militello Rosmarino",
                        "data": {}
                    },
                    {
                        "code": "ME 91",
                        "name": "Alcara li Fusi",
                        "data": {}
                    },
                    {
                        "code": "ME 92",
                        "name": "Sant'Agata di Militello",
                        "data": {}
                    },
                    {
                        "code": "ME 92A",
                        "name": "Acquedolci",
                        "data": {}
                    }
                ]
            },
            {
                "code": "ME IV",
                "name": "dialetti messinesi occidentali",
                "data": [
                    {
                        "code": "ME 93",
                        "name": "Cesarò",
                        "data": {}
                    },
                    {
                        "code": "ME 94",
                        "name": "San Teodoro",
                        "data": {}
                    },
                    {
                        "code": "ME 95",
                        "name": "San Fratello",
                        "data": {}
                    },
                    {
                        "code": "ME 96",
                        "name": "Capizzi",
                        "data": {}
                    },
                    {
                        "code": "ME 97",
                        "name": "Caronia",
                        "data": {}
                    },
                    {
                        "code": "ME 98",
                        "name": "Santo Stefano di Camastra",
                        "data": {}
                    },
                    {
                        "code": "ME 99",
                        "name": "Reitano",
                        "data": {}
                    },
                    {
                        "code": "ME 100",
                        "name": "Mistretta",
                        "data": {}
                    },
                    {
                        "code": "ME 101",
                        "name": "Castel di Lucio",
                        "data": {}
                    },
                    {
                        "code": "ME 102",
                        "name": "Motta d'Affermo",
                        "data": {}
                    },
                    {
                        "code": "ME 103",
                        "name": "Pettineo",
                        "data": {}
                    },
                    {
                        "code": "ME 104",
                        "name": "Tusa",
                        "data": [
                            {
                                "code": "ME 104a",
                                "name": "Castel di Tusa",
                                "data": {}
                            }
                        ]
                    }
                ]
            }
        ]
    },
    {
        "code": "PA",
        "name": "dialetti palermitani",
        "data": [
            {
                "code": "PA I",
                "name": "dialetti palermitani orientali (delle Madonie)",
                "data": [
                    {
                        "code": "PA 1",
                        "name": "Pollina",
                        "data": {}
                    },
                    {
                        "code": "PA 2",
                        "name": "Castelbuono",
                        "data": {}
                    },
                    {
                        "code": "PA 3",
                        "name": "San Mauro Castelverde",
                        "data": {}
                    },
                    {
                        "code": "PA 4",
                        "name": "Geraci Siculo",
                        "data": {}
                    },
                    {
                        "code": "PA 5",
                        "name": "Gangi",
                        "data": {}
                    },
                    {
                        "code": "PA 6",
                        "name": "Petralia Soprana",
                        "data": {}
                    },
                    {
                        "code": "PA 7",
                        "name": "Petralia Sottana",
                        "data": {}
                    },
                    {
                        "code": "PA 8",
                        "name": "Castellana Sicula",
                        "data": [
                            {
                                "code": "PA 8a",
                                "name": "Calcarelli",
                                "data": {}
                            }
                        ]
                    },
                    {
                        "code": "PA 8A",
                        "name": "Blufi",
                        "data": {}
                    },
                    {
                        "code": "PA 9",
                        "name": "Bompietro",
                        "data": {}
                    },
                    {
                        "code": "PA 10",
                        "name": "Alimena",
                        "data": {}
                    },
                    {
                        "code": "PA 11",
                        "name": "Cefalù",
                        "data": {}
                    },
                    {
                        "code": "PA 12",
                        "name": "Lascari",
                        "data": {}
                    },
                    {
                        "code": "PA 13",
                        "name": "Campofelice di Roccella",
                        "data": {}
                    },
                    {
                        "code": "PA 14",
                        "name": "Gratteri",
                        "data": {}
                    },
                    {
                        "code": "PA 15",
                        "name": "Isnello",
                        "data": {}
                    },
                    {
                        "code": "PA 16",
                        "name": "Collesano, Scillato",
                        "data": [
                            {
                                "code": "PA 16",
                                "name": "Collesano",
                                "data": {}
                            },
                            {
                                "code": "PA ?",
                                "name": "Scillato",
                                "data": {}
                            }
                        ]
                    },
                    {
                        "code": "PA 17",
                        "name": "Polizzi Generosa",
                        "data": {}
                    },
                    {
                        "code": "PA 18",
                        "name": "Caltavuturo",
                        "data": {}
                    },
                    {
                        "code": "PA 19",
                        "name": "Sclafani Bagni",
                        "data": {}
                    },
                    {
                        "code": "PA 20",
                        "name": "Valledolmo",
                        "data": {}
                    },
                    {
                        "code": "PA 21",
                        "name": "Cerda",
                        "data": {}
                    },
                    {
                        "code": "PA 22",
                        "name": "Aliminusa",
                        "data": {}
                    },
                    {
                        "code": "PA 23",
                        "name": "Montemaggiore Belsito",
                        "data": {}
                    },
                    {
                        "code": "PA 24",
                        "name": "Alia",
                        "data": {}
                    }
                ]
            },
            {
                "code": "PA II",
                "name": "dialetti palermitani centrali",
                "data": [
                    {
                        "code": "PA 25",
                        "name": "Trabia",
                        "data": {}
                    },
                    {
                        "code": "PA 26",
                        "name": "Termini Imerese",
                        "data": {}
                    },
                    {
                        "code": "PA 27",
                        "name": "Sciara",
                        "data": {}
                    },
                    {
                        "code": "PA 28",
                        "name": "Caccamo",
                        "data": {}
                    },
                    {
                        "code": "PA 29",
                        "name": "Ventimiglia di Sicilia",
                        "data": {}
                    },
                    {
                        "code": "PA 30",
                        "name": "Ciminna",
                        "data": {}
                    },
                    {
                        "code": "PA 31",
                        "name": "Baucina",
                        "data": {}
                    },
                    {
                        "code": "PA 32",
                        "name": "Villafrati",
                        "data": {}
                    },
                    {
                        "code": "PA 33",
                        "name": "Cefalà Diana",
                        "data": {}
                    },
                    {
                        "code": "PA 34",
                        "name": "Godrano",
                        "data": {}
                    },
                    {
                        "code": "PA 35",
                        "name": "Santa Flavia",
                        "data": [
                            {
                                "code": "PA 35a",
                                "name": "Porticello",
                                "data": {}
                            }
                        ]
                    },
                    {
                        "code": "PA 36",
                        "name": "Casteldaccia",
                        "data": {}
                    },
                    {
                        "code": "PA 37",
                        "name": "Altavilla Milicia",
                        "data": {}
                    },
                    {
                        "code": "PA 38",
                        "name": "Bagheria",
                        "data": {}
                    },
                    {
                        "code": "PA 39",
                        "name": "Ficarazzi",
                        "data": {}
                    },
                    {
                        "code": "PA 40",
                        "name": "Villabate",
                        "data": {}
                    },
                    {
                        "code": "PA 41",
                        "name": "Misilmeri",
                        "data": {}
                    },
                    {
                        "code": "PA 42",
                        "name": "Bolognetta",
                        "data": {}
                    },
                    {
                        "code": "PA 43",
                        "name": "Marineo",
                        "data": {}
                    },
                    {
                        "code": "PA 44",
                        "name": "Belmonte Mezzagno",
                        "data": {}
                    },
                    {
                        "code": "PA 45",
                        "name": "Palermo",
                        "data": [
                            {
                                "code": "PA 45a",
                                "name": "Mondello",
                                "data": {}
                            },
                            {
                                "code": "PA 45b",
                                "name": "Tommaso Natale",
                                "data": {}
                            }
                        ]
                    },
                    {
                        "code": "PA 46",
                        "name": "Isola delle Femmine",
                        "data": {}
                    },
                    {
                        "code": "PA 47",
                        "name": "Capaci",
                        "data": {}
                    },
                    {
                        "code": "PA 48",
                        "name": "Torretta",
                        "data": {}
                    },
                    {
                        "code": "PA 49",
                        "name": "Monreale",
                        "data": {}
                    },
                    {
                        "code": "PA 50",
                        "name": "Altofonte",
                        "data": {}
                    },
                    {
                        "code": "PA 51",
                        "name": "Piana degli Albanesi",
                        "data": {}
                    },
                    {
                        "code": "PA 52",
                        "name": "Santa Cristina Gela",
                        "data": {}
                    }
                ]
            },
            {
                "code": "PA III",
                "name": "dialetti palermitani dell'interno",
                "data": [
                    {
                        "code": "PA 53",
                        "name": "Mezzojuso",
                        "data": {}
                    },
                    {
                        "code": "PA 53A",
                        "name": "Campofelice di Fitalia",
                        "data": {}
                    },
                    {
                        "code": "PA 54",
                        "name": "Vicari",
                        "data": {}
                    },
                    {
                        "code": "PA 55",
                        "name": "Roccapalumba",
                        "data": {}
                    },
                    {
                        "code": "PA 56",
                        "name": "Lercara Friddi",
                        "data": {}
                    },
                    {
                        "code": "PA 57",
                        "name": "Castronovo di Sicilia",
                        "data": {}
                    },
                    {
                        "code": "PA 58",
                        "name": "Prizzi",
                        "data": {}
                    },
                    {
                        "code": "PA 59",
                        "name": "Palazzo Adriano",
                        "data": {}
                    },
                    {
                        "code": "PA 60",
                        "name": "Corleone",
                        "data": {}
                    },
                    {
                        "code": "PA 61",
                        "name": "Roccamena",
                        "data": {}
                    },
                    {
                        "code": "PA 62",
                        "name": "Campofiorito",
                        "data": {}
                    },
                    {
                        "code": "PA 63",
                        "name": "Bisacquino",
                        "data": {}
                    },
                    {
                        "code": "PA 64",
                        "name": "Chiusa Sclafani",
                        "data": {}
                    },
                    {
                        "code": "PA 65",
                        "name": "Giuliana",
                        "data": {}
                    },
                    {
                        "code": "PA 66",
                        "name": "Contessa Entellina",
                        "data": {}
                    }
                ]
            },
            {
                "code": "PA IV",
                "name": "dialetti palermitani occidentali",
                "data": [
                    {
                        "code": "PA 67",
                        "name": "Cinisi",
                        "data": {}
                    },
                    {
                        "code": "PA 68",
                        "name": "Terrasini",
                        "data": {}
                    },
                    {
                        "code": "PA 69",
                        "name": "Carini",
                        "data": {}
                    },
                    {
                        "code": "PA 70",
                        "name": "Montelepre",
                        "data": {}
                    },
                    {
                        "code": "PA 71",
                        "name": "Giardinello",
                        "data": {}
                    },
                    {
                        "code": "PA 72",
                        "name": "Borgetto",
                        "data": {}
                    },
                    {
                        "code": "PA 73",
                        "name": "Partinico",
                        "data": {}
                    },
                    {
                        "code": "PA 73A",
                        "name": "Trappeto",
                        "data": {}
                    },
                    {
                        "code": "PA 74",
                        "name": "Balestrate",
                        "data": {}
                    },
                    {
                        "code": "PA 75",
                        "name": "San Giuseppe Jato",
                        "data": {}
                    },
                    {
                        "code": "PA 76",
                        "name": "San Cipirello",
                        "data": {}
                    },
                    {
                        "code": "PA 77",
                        "name": "Camporeale",
                        "data": {}
                    },
                    {
                        "code": "PA 78",
                        "name": "Ustica",
                        "data": {}
                    }
                ]
            }
        ]
    },
    {
        "code": "RG",
        "name": "dialetti ragusani",
        "data": [
            {
                "code": "RG I",
                "name": "dialetti ragusani",
                "data": [
                    {
                        "code": "RG 1",
                        "name": "Monterosso Almo",
                        "data": {}
                    },
                    {
                        "code": "RG 2",
                        "name": "Giarratana",
                        "data": {}
                    },
                    {
                        "code": "RG 3",
                        "name": "Chiaramonte Gulfi",
                        "data": {}
                    },
                    {
                        "code": "RG 4",
                        "name": "Acate",
                        "data": {}
                    },
                    {
                        "code": "RG 5",
                        "name": "Vittoria",
                        "data": [
                            {
                                "code": "RG 5a",
                                "name": "Scoglitti",
                                "data": {}
                            }
                        ]
                    },
                    {
                        "code": "RG 6",
                        "name": "Comiso",
                        "data": [
                            {
                                "code": "RG 6a",
                                "name": "Pedalino",
                                "data": {}
                            }
                        ]
                    },
                    {
                        "code": "RG 7",
                        "name": "Ragusa",
                        "data": [
                            {
                                "code": "RG 7a",
                                "name": "Marina di Ragusa",
                                "data": {}
                            }
                        ]
                    },
                    {
                        "code": "RG 8",
                        "name": "Modica",
                        "data": {}
                    },
                    {
                        "code": "RG 9",
                        "name": "Ispica",
                        "data": {}
                    },
                    {
                        "code": "RG 10",
                        "name": "Pozzallo",
                        "data": {}
                    },
                    {
                        "code": "RG 11",
                        "name": "Scicli",
                        "data": [
                            {
                                "code": "RG 11a",
                                "name": "Sampieri",
                                "data": {}
                            },
                            {
                                "code": "RG 11b",
                                "name": "Donnalucata",
                                "data": {}
                            }
                        ]
                    },
                    {
                        "code": "RG 12",
                        "name": "Santa Croce Camerina",
                        "data": [
                            {
                                "code": "RG 12a",
                                "name": "Punta Secca",
                                "data": {}
                            }
                        ]
                    }
                ]
            }
        ]
    },
    {
        "code": "SR",
        "name": "dialetti siracusani",
        "data": [
            {
                "code": "SR I",
                "name": "dialetti siracusani settentrionali",
                "data": [
                    {
                        "code": "SR 1",
                        "name": "Lentini",
                        "data": {}
                    },
                    {
                        "code": "SR 2",
                        "name": "Carlentini",
                        "data": [
                            {
                                "code": "SR 2a",
                                "name": "Pedagaggi",
                                "data": {}
                            }
                        ]
                    },
                    {
                        "code": "SR 3",
                        "name": "Augusta",
                        "data": [
                            {
                                "code": "SR 3a",
                                "name": "Brucoli",
                                "data": {}
                            }
                        ]
                    },
                    {
                        "code": "SR 4",
                        "name": "Francofonte",
                        "data": {}
                    },
                    {
                        "code": "SR 5",
                        "name": "Melilli",
                        "data": {}
                    },
                    {
                        "code": "SR 6",
                        "name": "Sortino",
                        "data": {}
                    },
                    {
                        "code": "SR 7",
                        "name": "Buccheri",
                        "data": {}
                    },
                    {
                        "code": "SR 8",
                        "name": "Ferla",
                        "data": {}
                    },
                    {
                        "code": "SR 9",
                        "name": "Cassaro",
                        "data": {}
                    },
                    {
                        "code": "SR 10",
                        "name": "Solarino",
                        "data": {}
                    },
                    {
                        "code": "SR 11",
                        "name": "Floridia",
                        "data": {}
                    },
                    {
                        "code": "SR 12",
                        "name": "Siracusa",
                        "data": [
                            {
                                "code": "SR 12b",
                                "name": "Belvedere",
                                "data": {}
                            },
                            {
                                "code": "SR 12c",
                                "name": "Cassibile",
                                "data": {}
                            },
                            {
                                "code": "SR 12d",
                                "name": "Ognina",
                                "data": {}
                            }
                        ]
                    },
                    {
                        "code": "SR 12a",
                        "name": "Priolo Gargallo",
                        "data": {}
                    }
                ]
            },
            {
                "code": "SR II",
                "name": "dialetti siracusani meridionali",
                "data": [
                    {
                        "code": "SR 13",
                        "name": "Buscemi",
                        "data": {}
                    },
                    {
                        "code": "SR 14",
                        "name": "Palazzolo Acreide",
                        "data": {}
                    },
                    {
                        "code": "SR 15",
                        "name": "Canicattini Bagni",
                        "data": {}
                    },
                    {
                        "code": "SR 16",
                        "name": "Avola",
                        "data": {}
                    },
                    {
                        "code": "SR 17",
                        "name": "Noto",
                        "data": {}
                    },
                    {
                        "code": "SR 18",
                        "name": "Rosolini",
                        "data": {}
                    },
                    {
                        "code": "SR 19",
                        "name": "Pachino",
                        "data": [
                            {
                                "code": "SR 19a",
                                "name": "Marzamemi",
                                "data": {}
                            }
                        ]
                    },
                    {
                        "code": "SR 20",
                        "name": "Portopalo di Capo Passero",
                        "data": {}
                    }
                ]
            }
        ]
    },
    {
        "code": "TP",
        "name": "dialetti trapanesi",
        "data": [
            {
                "code": "TP I",
                "name": "dialetti trapanesi orientali",
                "data": [
                    {
                        "code": "TP 1",
                        "name": "Castellammare del Golfo",
                        "data": [
                            {
                                "code": "TP 1a",
                                "name": "Balata di Baida",
                                "data": {}
                            }
                        ]
                    },
                    {
                        "code": "TP 2",
                        "name": "Alcamo",
                        "data": {}
                    },
                    {
                        "code": "TP 3",
                        "name": "Calatafimi-Segesta",
                        "data": {}
                    },
                    {
                        "code": "TP 4",
                        "name": "Vita",
                        "data": {}
                    },
                    {
                        "code": "TP 5",
                        "name": "Salemi",
                        "data": {}
                    },
                    {
                        "code": "TP 6",
                        "name": "Gibellina",
                        "data": {}
                    },
                    {
                        "code": "TP 7",
                        "name": "Poggioreale",
                        "data": {}
                    },
                    {
                        "code": "TP 8",
                        "name": "Salaparuta",
                        "data": {}
                    },
                    {
                        "code": "TP 9",
                        "name": "Santa Ninfa",
                        "data": {}
                    },
                    {
                        "code": "TP 10",
                        "name": "Partanna",
                        "data": {}
                    },
                    {
                        "code": "TP 11",
                        "name": "Castelvetrano",
                        "data": [
                            {
                                "code": "TP 11a",
                                "name": "Marinella",
                                "data": {}
                            }
                        ]
                    },
                    {
                        "code": "TP 12",
                        "name": "Campobello di Mazara",
                        "data": {}
                    }
                ]
            },
            {
                "code": "TP II",
                "name": "dialetti trapanesi occidentali",
                "data": [
                    {
                        "code": "TP 13",
                        "name": "Custonaci",
                        "data": {}
                    },
                    {
                        "code": "TP 14",
                        "name": "Erice",
                        "data": [
                            {
                                "code": "TP 14a",
                                "name": "Napola",
                                "data": {}
                            },
                            {
                                "code": "TP 14b",
                                "name": "Ballata",
                                "data": {}
                            }
                        ]
                    },
                    {
                        "code": "TP 14A",
                        "name": "San Vito Lo Capo",
                        "data": [
                            {
                                "code": "TP 14Aa",
                                "name": "Castelluzzo",
                                "data": {}
                            }
                        ]
                    },
                    {
                        "code": "TP 14B",
                        "name": "Valderice",
                        "data": {}
                    },
                    {
                        "code": "TP 15",
                        "name": "Trapani, Misiliscemi",
                        "data": [
                            {
                                "code": "TP 15",
                                "name": "Trapani",
                                "data": {}
                            },
                            {
                                "code": "TP ?",
                                "name": "Misiliscemi",
                                "data": {}
                            }
                        ]
                    },
                    {
                        "code": "TP ?",
                        "name": "Trapani",
                        "data": [
                            {
                                "code": "TP 15a",
                                "name": "Ummari",
                                "data": {}
                            },
                            {
                                "code": "TP 15b",
                                "name": "Fulgatore",
                                "data": {}
                            }
                        ]
                    },
                    {
                        "code": "TP ?",
                        "name": "Misiliscemi",
                        "data": [
                            {
                                "code": "TP 15c",
                                "name": "Fontanasalsa (Misiliscemi)",
                                "data": {}
                            },
                            {
                                "code": "TP 15d",
                                "name": "Marausa (Misiliscemi)",
                                "data": {}
                            },
                            {
                                "code": "TP 15e",
                                "name": "Locogrande (Misiliscemi)",
                                "data": {}
                            }
                        ]
                    },
                    {
                        "code": "TP 16",
                        "name": "Buseto Palizzolo",
                        "data": {}
                    },
                    {
                        "code": "TP 17",
                        "name": "Paceco",
                        "data": {}
                    },
                    {
                        "code": "TP 18",
                        "name": "Marsala",
                        "data": [
                            {
                                "code": "TP 18a",
                                "name": "Birgi",
                                "data": {}
                            },
                            {
                                "code": "TP 18b",
                                "name": "Santi Filippo e Giacomo",
                                "data": {}
                            },
                            {
                                "code": "TP 18c",
                                "name": "Paolini",
                                "data": {}
                            },
                            {
                                "code": "TP 18d",
                                "name": "Santo Padre delle Perriere",
                                "data": {}
                            }
                        ]
                    },
                    {
                        "code": "TP 18A",
                        "name": "Petrosino",
                        "data": {}
                    },
                    {
                        "code": "TP 19",
                        "name": "Mazara del Vallo",
                        "data": {}
                    },
                    {
                        "code": "TP 20",
                        "name": "Favignana",
                        "data": [
                            {
                                "code": "TP 20a",
                                "name": "Levanzo",
                                "data": {}
                            },
                            {
                                "code": "TP 20b",
                                "name": "Marettimo",
                                "data": {}
                            }
                        ]
                    },
                    {
                        "code": "TP 21",
                        "name": "Pantelleria",
                        "data": {}
                    }
                ]
            }
        ]
    }
]
